id,display_name,primary_location_display_name,cited_by_count,doi,crossref_call,publication_year,type,is_retracted,cited_by_percentile_year_min,primary_topic_display_name,primary_topic_domain_display_name,primary_topic_subfield_display_name,primary_location_source_host_organization_name,open_access_is_oa,language,primary_topic_field_display_name,update_nature
https://openalex.org/W1975380981,Notice of Retraction: The analysis of the targeted promotion difference between discount card and score card,,0,https://doi.org/10.1109/icebeg.2011.5886959,https://api.labs.crossref.org/works/https://doi.org/10.1109/icebeg.2011.5886959?mailto=christian.hauschke@tib.eu,2011,article,True,0,"Customer Relationships, Behavior, and Loyalty",Social Sciences,Organizational Behavior and Human Resource Management,,False,en,"Business, Management and Accounting",
https://openalex.org/W1976792095,RETRACTED ARTICLE: An integrated approach for characterization of heavy metal contamination in lake sediments in India,Arabian Journal of Geosciences,0,https://doi.org/10.1007/s12517-013-1227-4,https://api.labs.crossref.org/works/https://doi.org/10.1007/s12517-013-1227-4?mailto=christian.hauschke@tib.eu,2013,article,True,0,Machine Learning for Mineral Prospectivity Mapping,Physical Sciences,Artificial Intelligence,Springer Science+Business Media,True,en,Computer Science,
https://openalex.org/W1977392486,Retracted article: Quantum dots high fluorescent signal amplification immunoassay using branched DNA and peptide nucleic acid conjugated antibody,Analyst,0,https://doi.org/10.1039/c1an15751e,https://api.labs.crossref.org/works/https://doi.org/10.1039/c1an15751e?mailto=christian.hauschke@tib.eu,2011,article,True,0,DNA Nanotechnology and Bioanalytical Applications,Life Sciences,Molecular Biology,Royal Society of Chemistry,False,en,"Biochemistry, Genetics and Molecular Biology",
https://openalex.org/W1977794306,Notice of Retraction: Reflection on construction of curriculum system of finance major in new-founded undergraduate,,0,https://doi.org/10.1109/aimsec.2011.6011294,https://api.labs.crossref.org/works/https://doi.org/10.1109/aimsec.2011.6011294?mailto=christian.hauschke@tib.eu,2011,article,True,0,Recognition of Prior Learning in Higher Education,Social Sciences,Education,,False,en,Social Sciences,
https://openalex.org/W1977916041,WITHDRAWN: A note on longitudinal flows of an Oldroyd-B fluid due to a prescribed shear stress,Mathematical and Computer Modelling,0,https://doi.org/10.1016/j.mcm.2011.02.029,https://api.labs.crossref.org/works/https://doi.org/10.1016/j.mcm.2011.02.029?mailto=christian.hauschke@tib.eu,2011,article,True,0,Rheology of Complex Fluids and Polymers,Physical Sciences,Fluid Flow and Transfer Processes,Pergamon Press,False,en,Chemical Engineering,
https://openalex.org/W1978165624,RETRACTED ARTICLE: Irreducible SL n+1–Representations Remain Indecomposable Restricted to Some Abelian Subalgebras,Algebras and Representation Theory,0,https://doi.org/10.1007/s10468-011-9305-3,https://api.labs.crossref.org/works/https://doi.org/10.1007/s10468-011-9305-3?mailto=christian.hauschke@tib.eu,2011,article,True,0,Cluster Algebras and Triangulated Categories,Physical Sciences,Geometry and Topology,Springer Science+Business Media,True,en,Mathematics,
https://openalex.org/W1978451477,<i>Retracted</i>: Neonatal Pulse oximetry screening: A National Survey,Acta Paediatrica,0,https://doi.org/10.1111/j.1651-2227.2011.02200.x,https://api.labs.crossref.org/works/https://doi.org/10.1111/j.1651-2227.2011.02200.x?mailto=christian.hauschke@tib.eu,2011,article,True,0,Neonatal Lung Development and Respiratory Morbidity,Health Sciences,Pulmonary and Respiratory Medicine,Wiley-Blackwell,False,en,Medicine,
https://openalex.org/W1978635717,RETRACTED: Blow-up and global existence for a modified two-component Camassa–Holm equation,Journal of Mathematical Analysis and Applications,0,https://doi.org/10.1016/j.jmaa.2010.09.059,https://api.labs.crossref.org/works/https://doi.org/10.1016/j.jmaa.2010.09.059?mailto=christian.hauschke@tib.eu,2011,article,True,0,Rogue Waves in Nonlinear Systems,Physical Sciences,Statistical and Nonlinear Physics,Elsevier BV,True,en,Physics and Astronomy,
https://openalex.org/W1978726604,RETRACTED: Simulations of Upward Leakage of CO2 in Long-Column Flow Experiments: Effect of Lateral Boundary Condition,Energy Procedia,0,https://doi.org/10.1016/j.egypro.2013.06.239,https://api.labs.crossref.org/works/https://doi.org/10.1016/j.egypro.2013.06.239?mailto=christian.hauschke@tib.eu,2013,article,True,0,Carbon Dioxide Sequestration in Geological Formations,Physical Sciences,Environmental Engineering,Elsevier BV,True,en,Environmental Science,
https://openalex.org/W1978770037,RETRACTION: Emulation of the World Wide Web,Advances in intelligent systems research,0,https://doi.org/10.2991/icsecs-13.2013.17,https://api.labs.crossref.org/works/https://doi.org/10.2991/icsecs-13.2013.17?mailto=christian.hauschke@tib.eu,2013,article,True,0,Web Data Extraction and Crawling Techniques,Physical Sciences,Information Systems,Atlantis Press,True,en,Computer Science,
https://openalex.org/W1979124583,WITHDRAWN: Reprint of: Bone metastasis of a follicular thyroid carcinoma originated in a toxic multinodular goiter,European Journal of Internal Medicine,0,https://doi.org/10.1016/j.ejim.2011.08.006,https://api.labs.crossref.org/works/https://doi.org/10.1016/j.ejim.2011.08.006?mailto=christian.hauschke@tib.eu,2011,article,True,0,Management and Diagnosis of Thyroid Cancer,Health Sciences,"Endocrinology, Diabetes and Metabolism",Elsevier BV,False,en,Medicine,
https://openalex.org/W1979541851,WITHDRAWN: Development of paclitaxel loaded NIPAAm/VP polymeric nanoparticles for efficacy enhancement against human cancer therapy,Life Sciences,0,https://doi.org/10.1016/j.lfs.2012.10.024,https://api.labs.crossref.org/works/https://doi.org/10.1016/j.lfs.2012.10.024?mailto=christian.hauschke@tib.eu,2013,article,True,0,Nanoparticle-Based Drug Delivery Systems,Physical Sciences,Biomaterials,Elsevier BV,False,en,Materials Science,
https://openalex.org/W1979633989,Environmental cadmium and zinc concentrations in liver and kidney of European hare from different Serbian regions,Hemijska Industrija,0,https://doi.org/10.2298/hemind120815100p,https://api.labs.crossref.org/works/https://doi.org/10.2298/hemind120815100p?mailto=christian.hauschke@tib.eu,2013,article,True,0,Metal-Induced Oxidative Stress and Health Effects,Physical Sciences,"Health, Toxicology and Mutagenesis",Association of Chemical Engineers of Serbia,True,en,Environmental Science,
https://openalex.org/W1980183604,REMOVED: Translational profiling of multiple myeloma cell lines RPMI8226 and 8226/R5 to discover novel markers of disease and drug resistance,Toxicology,0,https://doi.org/10.1016/j.tox.2011.09.031,https://api.labs.crossref.org/works/https://doi.org/10.1016/j.tox.2011.09.031?mailto=christian.hauschke@tib.eu,2011,article,True,0,Diagnosis and Treatment of Multiple Myeloma,Health Sciences,Hematology,Elsevier BV,False,en,Medicine,
https://openalex.org/W1980730414,"RETRACTED ARTICLE: Chronical cervical infections and dysplasia (CIN I, CIN II)—vaginal vitamin D (high dose) treatment: a new effective method",Archives of Gynecology and Obstetrics,0,https://doi.org/10.1007/s00404-011-1842-9,https://api.labs.crossref.org/works/https://doi.org/10.1007/s00404-011-1842-9?mailto=christian.hauschke@tib.eu,2011,article,True,0,Vitamin D and Health Outcomes,Health Sciences,Pathology and Forensic Medicine,Springer Science+Business Media,True,en,Medicine,
https://openalex.org/W1981503336,Notice of Violation of IEEE Publication Principles: Minimal cost attack aware routing and wavelength assignment in optical network security,,0,https://doi.org/10.1109/icetect.2011.5760257,https://api.labs.crossref.org/works/https://doi.org/10.1109/icetect.2011.5760257?mailto=christian.hauschke@tib.eu,2011,article,True,0,Optical Communication Networks and Energy Efficiency,Physical Sciences,Electrical and Electronic Engineering,,False,en,Engineering,
https://openalex.org/W1981941015,RETRACTED: Performance Study of Pulse Reshaping in a Normally Dispersive Erbium doped Fiber Amplifier with Multi-cladded Index Profile,Optics and Laser Technology,0,https://doi.org/10.1016/j.optlastec.2012.10.010,https://api.labs.crossref.org/works/https://doi.org/10.1016/j.optlastec.2012.10.010?mailto=christian.hauschke@tib.eu,2013,article,True,0,Optical Frequency Combs and Ultrafast Lasers,Physical Sciences,"Atomic and Molecular Physics, and Optics",Elsevier BV,False,en,Physics and Astronomy,
https://openalex.org/W1982823849,Special Edition of EJOP (February 2013) on Quality of Life in Social Science and Clinical Medicine: An Introduction,Europe’s Journal of Psychology,0,https://doi.org/10.5964/ejop.v9i1.583,https://api.labs.crossref.org/works/https://doi.org/10.5964/ejop.v9i1.583?mailto=christian.hauschke@tib.eu,2013,article,True,0,Health Economics and Quality of Life Assessment,Social Sciences,Economics and Econometrics,PsychOpen,True,en,"Economics, Econometrics and Finance",
https://openalex.org/W1983089957,"RETRACTED ARTICLE: Typhoon Disasters and Adaptive Governance in Guangdong, China",Environmental Management,0,https://doi.org/10.1007/s00267-013-0225-3,https://api.labs.crossref.org/works/https://doi.org/10.1007/s00267-013-0225-3?mailto=christian.hauschke@tib.eu,2013,article,True,0,Community Resilience to Natural Disasters,Social Sciences,Sociology and Political Science,Springer Science+Business Media,True,en,Social Sciences,
https://openalex.org/W1984457099,"Ab initio investigation of structures and stability of Ga<sub><i>n</i></sub>P<sub><i>m</i></sub> (<i>n</i> = 1–3, <i>m</i> = 1–4) clusters",International Journal of Quantum Chemistry,0,https://doi.org/10.1002/qua.20366,https://api.labs.crossref.org/works/https://doi.org/10.1002/qua.20366?mailto=christian.hauschke@tib.eu,2012,article,True,0,Structural and Functional Study of Noble Metal Nanoclusters,Physical Sciences,Materials Chemistry,Wiley,False,en,Materials Science,
https://openalex.org/W1984505936,Notice of Retraction Big volume concrete rift cause of formation and precautionary measure,,0,https://doi.org/10.1109/iceceng.2011.6058379,https://api.labs.crossref.org/works/https://doi.org/10.1109/iceceng.2011.6058379?mailto=christian.hauschke@tib.eu,2011,article,True,0,Study on Rock Mechanics in Deep Mining Engineering,Physical Sciences,Mechanics of Materials,,False,en,Engineering,
https://openalex.org/W1984963997,A rare occurrence of peripheral ossifying fibroma in the first decade of life and its management,Case Reports,0,https://doi.org/10.1136/bcr-2013-009084,https://api.labs.crossref.org/works/https://doi.org/10.1136/bcr-2013-009084?mailto=christian.hauschke@tib.eu,2013,article,True,0,Classification and Management of Odontogenic Tumors,Health Sciences,Oral Surgery,BMJ,True,en,Dentistry,
https://openalex.org/W1985000514,Short Communication: Drug Information Unit as an Effective Tool for Promoting Rational Drug Use,Journal of Clinical and Diagnostic Research,0,https://doi.org/10.7860/jcdr/2013/6138.3422,https://api.labs.crossref.org/works/https://doi.org/10.7860/jcdr/2013/6138.3422?mailto=christian.hauschke@tib.eu,2013,article,True,0,Polypharmacy and Inappropriate Medication Use in Elderly,Health Sciences,Geriatrics and Gerontology,JCDR Research and Publications Private Limited,True,en,Medicine,
https://openalex.org/W1986718940,RETRACTED ARTICLE: Attractive interactions prevail in dilute solutions of human recombinant α-crystallins,European Biophysics Journal,0,https://doi.org/10.1007/s00249-012-0881-x,https://api.labs.crossref.org/works/https://doi.org/10.1007/s00249-012-0881-x?mailto=christian.hauschke@tib.eu,2013,article,True,0,Structure and Function of Gap Junctions and Connexins,Life Sciences,Molecular Biology,Springer Science+Business Media,True,en,"Biochemistry, Genetics and Molecular Biology",
https://openalex.org/W1986865353,RETRACTED ARTICLE: Preparation of highly active ruthenium based catalysts and performance comparison of Ru catalyst and iron catalyst for ammonia synthesis,"Reaction Kinetics, Mechanisms and Catalysis",0,https://doi.org/10.1007/s11144-011-0330-3,https://api.labs.crossref.org/works/https://doi.org/10.1007/s11144-011-0330-3?mailto=christian.hauschke@tib.eu,2011,article,True,0,Ammonia Synthesis and Electrocatalysis,Physical Sciences,Catalysis,Springer Science+Business Media,True,en,Chemical Engineering,
https://openalex.org/W1987299673,Parenting the Asperger's Child: Extraordinary Demands and Pitfalls,Psychoanalytic Inquiry,0,https://doi.org/10.1080/07351690.2010.513624,https://api.labs.crossref.org/works/https://doi.org/10.1080/07351690.2010.513624?mailto=christian.hauschke@tib.eu,2011,article,True,0,Effectiveness of Play Therapy Interventions with Children,Social Sciences,Clinical Psychology,Taylor & Francis,False,en,Psychology,
https://openalex.org/W1987550076,Occupational exposure and lung cancer risk - Study in two different Romanian areas,ARS Medica Tomitana,0,https://doi.org/10.2478/arsm-2013-0003,https://api.labs.crossref.org/works/https://doi.org/10.2478/arsm-2013-0003?mailto=christian.hauschke@tib.eu,2013,article,True,0,Malignant Pleural Mesothelioma Research,Health Sciences,Pulmonary and Respiratory Medicine,De Gruyter Open,True,en,Medicine,
https://openalex.org/W1988462206,Notice of Retraction: Reflections on the education reforms for newly established local undergraduate college,,0,https://doi.org/10.1109/aimsec.2011.6010705,https://api.labs.crossref.org/works/https://doi.org/10.1109/aimsec.2011.6010705?mailto=christian.hauschke@tib.eu,2011,article,True,0,Impact of Technology on Education and Training,Physical Sciences,Information Systems,,False,en,Computer Science,
https://openalex.org/W1988543139,WITHDRAWN: Validation of a new MCNP–ORIGEN linkage program for burnup analysis,Progress in Nuclear Energy,0,https://doi.org/10.1016/j.pnucene.2012.09.005,https://api.labs.crossref.org/works/https://doi.org/10.1016/j.pnucene.2012.09.005?mailto=christian.hauschke@tib.eu,2013,article,True,0,Safety and Management of Nuclear Fuel Transportation,Physical Sciences,"Safety, Risk, Reliability and Quality",Elsevier BV,False,en,Engineering,
https://openalex.org/W1990101849,"RETRACTED: Study on the magnetic viscosity of Nd45Pr15Fe30−Co Al10 (x=0, 10) bulk amorphous Alloys",Physica B: Condensed Matter,0,https://doi.org/10.1016/j.physb.2013.03.003,https://api.labs.crossref.org/works/https://doi.org/10.1016/j.physb.2013.03.003?mailto=christian.hauschke@tib.eu,2013,article,True,0,Mechanical Properties of Metallic Glasses,Physical Sciences,Mechanical Engineering,Elsevier BV,False,en,Engineering,
https://openalex.org/W1990213069,RETRACTED: DSCs Fabrication Using Gel Type Electrolyte and ITiO Films Prepared by RF Magnetron Sputtering,Energy Procedia,0,https://doi.org/10.1016/j.egypro.2013.06.790,https://api.labs.crossref.org/works/https://doi.org/10.1016/j.egypro.2013.06.790?mailto=christian.hauschke@tib.eu,2013,article,True,0,Photocatalysis and Solar Energy Conversion,Physical Sciences,"Renewable Energy, Sustainability and the Environment",Elsevier BV,True,en,Energy,
https://openalex.org/W1991088271,RETRACTED ARTICLE: Sperm DNA damage due to the oxidative stress associated with varicocele,Journal of Assisted Reproduction and Genetics,0,https://doi.org/10.1007/s10815-010-9532-2,https://api.labs.crossref.org/works/https://doi.org/10.1007/s10815-010-9532-2?mailto=christian.hauschke@tib.eu,2011,article,True,0,Male Reproductive Health,Health Sciences,Reproductive Medicine,Springer Science+Business Media,True,en,Medicine,
https://openalex.org/W1991369908,RETRACTED: Designing for healthy living: Supporting reflectivity on interactions in healthcare,International Journal of Medical Informatics,0,https://doi.org/10.1016/j.ijmedinf.2011.08.013,https://api.labs.crossref.org/works/https://doi.org/10.1016/j.ijmedinf.2011.08.013?mailto=christian.hauschke@tib.eu,2011,article,True,0,Personas in User-Centered Design and Development,Physical Sciences,Human-Computer Interaction,Elsevier BV,True,en,Computer Science,
https://openalex.org/W1991899594,Notice of Retraction: Research on the improvement of market competitiveness based on customer value,,0,https://doi.org/10.1109/aimsec.2011.6010645,https://api.labs.crossref.org/works/https://doi.org/10.1109/aimsec.2011.6010645?mailto=christian.hauschke@tib.eu,2011,article,True,0,"Customer Relationships, Behavior, and Loyalty",Social Sciences,Organizational Behavior and Human Resource Management,,False,en,"Business, Management and Accounting",
https://openalex.org/W1992405291,Article retiré – Utilisation de dendrimères pour une nanomédecine innovatrice,Biologie Aujourd'hui,0,https://doi.org/10.1051/jbio/2013005,https://api.labs.crossref.org/works/https://doi.org/10.1051/jbio/2013005?mailto=christian.hauschke@tib.eu,2013,article,True,0,DNA Nanotechnology and Bioanalytical Applications,Life Sciences,Molecular Biology,EDP Sciences,True,fr,"Biochemistry, Genetics and Molecular Biology",
https://openalex.org/W1992499548,RETRACTED: Bosentan attenuates cardiac fibrosis in diabetic mice without affecting blood glucose,Journal of the Renin-Angiotensin-Aldosterone System,0,https://doi.org/10.1177/1470320311417274,https://api.labs.crossref.org/works/https://doi.org/10.1177/1470320311417274?mailto=christian.hauschke@tib.eu,2011,article,True,0,Biochemistry of Diabetic Complications,Life Sciences,Clinical Biochemistry,SAGE Publishing,True,en,"Biochemistry, Genetics and Molecular Biology",
https://openalex.org/W1993789235,Simulating Write-Ahead Logging and Virtual Machines Using HEW,Key Engineering Materials,0,https://doi.org/10.4028/www.scientific.net/kem.460-461.546,https://api.labs.crossref.org/works/https://doi.org/10.4028/www.scientific.net/kem.460-461.546?mailto=christian.hauschke@tib.eu,2011,article,True,0,Theory and Applications of Cellular Automata,Physical Sciences,Computational Theory and Mathematics,Trans Tech Publications,True,en,Computer Science,
https://openalex.org/W1994283215,RETRACTED: Earth Architecture in the World,Procedia - Social and Behavioral Sciences,0,https://doi.org/10.1016/j.sbspro.2013.08.841,https://api.labs.crossref.org/works/https://doi.org/10.1016/j.sbspro.2013.08.841?mailto=christian.hauschke@tib.eu,2013,article,True,0,Structural Developments in Diagrid Tall Buildings,Physical Sciences,Civil and Structural Engineering,Elsevier BV,True,en,Engineering,
https://openalex.org/W1994956096,Pharmacokinetics of Cyclosporine A in Chinese heart transplant recipients,Immunopharmacology and Immunotoxicology,0,https://doi.org/10.3109/08923973.2011.613400,https://api.labs.crossref.org/works/https://doi.org/10.3109/08923973.2011.613400?mailto=christian.hauschke@tib.eu,2011,article,True,0,Organ Transplantation and Rejection,Health Sciences,Surgery,Taylor & Francis,False,en,Medicine,
https://openalex.org/W1996882390,WITHDRAWN: Loss of neural recognition molecule NB-3 delays the normal projection and terminal branching of developing corticospinal tract axons in the mouse,International Journal of Developmental Neuroscience,0,https://doi.org/10.1016/j.ijdevneu.2012.03.323,https://api.labs.crossref.org/works/https://doi.org/10.1016/j.ijdevneu.2012.03.323?mailto=christian.hauschke@tib.eu,2012,article,True,0,Adult Neurogenesis and Brain Development,Life Sciences,Developmental Neuroscience,Wiley,True,en,Neuroscience,
https://openalex.org/W1997674863,WITHDRAWN: Static High-Gradient Magnetic Fields Activate Transient Receptor Potential Vanilloid 4 (TRPV4) Ion Channels Enabling Remote Control of Cell Function,Journal of Biological Chemistry,0,https://doi.org/10.1074/jbc.m113.470914,https://api.labs.crossref.org/works/https://doi.org/10.1074/jbc.m113.470914?mailto=christian.hauschke@tib.eu,2013,article,True,0,Optogenetics in Neuroscience and Biophysics Research,Life Sciences,Cellular and Molecular Neuroscience,Elsevier BV,True,en,Neuroscience,
https://openalex.org/W1997918030,REMOVED: Development of human embryonic stem cell-derived hepatic cells for toxicology analysis,Toxicology,0,https://doi.org/10.1016/j.tox.2011.09.024,https://api.labs.crossref.org/works/https://doi.org/10.1016/j.tox.2011.09.024?mailto=christian.hauschke@tib.eu,2011,article,True,0,Induction and Differentiation of Pluripotent Stem Cells,Life Sciences,Molecular Biology,Elsevier BV,True,en,"Biochemistry, Genetics and Molecular Biology",
https://openalex.org/W1997956520,RETRACTED ARTICLE: In Search of the Guilty: Analysis of the Migration of Encephalitogenic T-Cells at the Preclinical Stage of Development of Adoptive Experimental Autoimmune Encephalomyelitis (EAE) after Their Intravenous or Intraperitoneal Administration,Neuroscience and Behavioral Physiology,0,https://doi.org/10.1007/s11055-011-9408-7,https://api.labs.crossref.org/works/https://doi.org/10.1007/s11055-011-9408-7?mailto=christian.hauschke@tib.eu,2011,article,True,0,Chimeric Antigen Receptor T Cell Therapy,Health Sciences,Oncology,Springer Science+Business Media,True,en,Medicine,
https://openalex.org/W1997991351,The AIDS epidemic in south Florida: black non-Hispanics in our communities remain increasingly vulnerable,F1000Research,0,https://doi.org/10.12688/f1000research.2-236.v1,https://api.labs.crossref.org/works/https://doi.org/10.12688/f1000research.2-236.v1?mailto=christian.hauschke@tib.eu,2013,article,True,0,Prevention and Treatment of HIV/AIDS Infection,Health Sciences,Infectious Diseases,Faculty of 1000,True,en,Medicine,
https://openalex.org/W1998622955,Design and construction of an impulse turbine,Journal of Physics: Conference Series,0,https://doi.org/10.1088/1742-6596/466/1/012036,https://api.labs.crossref.org/works/https://doi.org/10.1088/1742-6596/466/1/012036?mailto=christian.hauschke@tib.eu,2013,article,True,0,Hydraulic Systems Control and Optimization,Physical Sciences,Mechanical Engineering,IOP Publishing,True,en,Engineering,
https://openalex.org/W1999553128,Notice of Retraction: A study to mixed game between regulator and firms regarding farm produces,,0,https://doi.org/10.1109/aimsec.2011.6011382,https://api.labs.crossref.org/works/https://doi.org/10.1109/aimsec.2011.6011382?mailto=christian.hauschke@tib.eu,2011,article,True,0,Hydrological Effects and Water Resource Management in China,Physical Sciences,Water Science and Technology,,False,en,Environmental Science,
https://openalex.org/W1999619289,RETRACTED ARTICLE: A low delay multi-source multicast algorithm for MANETs,Wireless Networks,0,https://doi.org/10.1007/s11276-013-0622-9,https://api.labs.crossref.org/works/https://doi.org/10.1007/s11276-013-0622-9?mailto=christian.hauschke@tib.eu,2013,article,True,0,Ad Hoc Wireless Networks Research,Physical Sciences,Computer Networks and Communications,Springer Science+Business Media,True,en,Computer Science,
https://openalex.org/W2000407321,Maxillary adenomatoid odontogenic tumour,Case Reports,0,https://doi.org/10.1136/bcr-2013-010004,https://api.labs.crossref.org/works/https://doi.org/10.1136/bcr-2013-010004?mailto=christian.hauschke@tib.eu,2013,article,True,0,Classification and Management of Odontogenic Tumors,Health Sciences,Oral Surgery,BMJ,True,en,Dentistry,
https://openalex.org/W2000695869,Cancer biomarker HER-2/neu in breast cancer in Indian women,Breast cancer,0,https://doi.org/10.2147/bctt.s17108,https://api.labs.crossref.org/works/https://doi.org/10.2147/bctt.s17108?mailto=christian.hauschke@tib.eu,2011,article,True,0,HER2 Signaling in Breast Cancer Treatment,Health Sciences,Oncology,Dove Medical Press,True,en,Medicine,
https://openalex.org/W2000950961,Notice of Retraction: The dynamic relationship on transport infrastructure investment and economic growth in China,,0,https://doi.org/10.1109/aimsec.2011.6011209,https://api.labs.crossref.org/works/https://doi.org/10.1109/aimsec.2011.6011209?mailto=christian.hauschke@tib.eu,2011,article,True,0,Understanding Attitudes Towards Public Transport and Private Car,Social Sciences,Transportation,,False,en,Social Sciences,
https://openalex.org/W2000952118,Notice of Retraction: The discussion of science and engineering innovative talent training mode,,0,https://doi.org/10.1109/aimsec.2011.6010617,https://api.labs.crossref.org/works/https://doi.org/10.1109/aimsec.2011.6010617?mailto=christian.hauschke@tib.eu,2011,article,True,0,Engineering Education and Curriculum Development,Physical Sciences,Media Technology,,False,en,Engineering,
https://openalex.org/W2002311679,Urban Microclimate Investigation of Major Squares in Athens,Journal of urban planning and development,0,https://doi.org/10.1061/(asce)up.1943-5444.0000100,https://api.labs.crossref.org/works/https://doi.org/10.1061/(asce)up.1943-5444.0000100?mailto=christian.hauschke@tib.eu,2011,article,True,0,Building Energy Efficiency and Thermal Comfort Optimization,Physical Sciences,Building and Construction,American Society of Civil Engineers,True,en,Engineering,
https://openalex.org/W2002618913,REMOVED: Acute depletion of the prion protein may abrogate Aβ oligomer toxicity,Toxicology,0,https://doi.org/10.1016/j.tox.2011.09.043,https://api.labs.crossref.org/works/https://doi.org/10.1016/j.tox.2011.09.043?mailto=christian.hauschke@tib.eu,2011,article,True,0,Prion Diseases: Causes and Molecular Basis,Life Sciences,Molecular Biology,Elsevier BV,True,en,"Biochemistry, Genetics and Molecular Biology",
https://openalex.org/W2002726648,RETRACTED ARTICLE: Beyond necessity versus opportunity entrepreneurship: some lessons from English deprived urban neighbourhoods,International Entrepreneurship and Management Journal,0,https://doi.org/10.1007/s11365-011-0186-z,https://api.labs.crossref.org/works/https://doi.org/10.1007/s11365-011-0186-z?mailto=christian.hauschke@tib.eu,2011,article,True,0,Entrepreneurship and Business Innovation,Social Sciences,Management of Technology and Innovation,Springer Science+Business Media,True,en,"Business, Management and Accounting",
https://openalex.org/W2002833468,Notice of Retraction: A strategic vision on interactive development for higher education under economic integration,,0,https://doi.org/10.1109/aimsec.2011.6011171,https://api.labs.crossref.org/works/https://doi.org/10.1109/aimsec.2011.6011171?mailto=christian.hauschke@tib.eu,2011,article,True,0,Global Trends in Higher Education Internationalization,Social Sciences,Political Science and International Relations,,False,en,Social Sciences,
https://openalex.org/W2004237586,Controlling the Ethernet and Moore's Law with Flete,Applied Mechanics and Materials,0,https://doi.org/10.4028/www.scientific.net/amm.143-144.787,https://api.labs.crossref.org/works/https://doi.org/10.4028/www.scientific.net/amm.143-144.787?mailto=christian.hauschke@tib.eu,2011,article,True,0,Theory and Applications of Cellular Automata,Physical Sciences,Computational Theory and Mathematics,Trans Tech Publications,True,en,Computer Science,
https://openalex.org/W2005704953,Mine-water level sensor system into the utility model design of infrared control modules,,0,https://doi.org/10.1109/aimsec.2011.6011039,https://api.labs.crossref.org/works/https://doi.org/10.1109/aimsec.2011.6011039?mailto=christian.hauschke@tib.eu,2011,article,True,0,Mining Technology and Safety Measures,Physical Sciences,"Safety, Risk, Reliability and Quality",,False,en,Engineering,
https://openalex.org/W2005763388,Retraction: Effect of Long-Term Annealing on the High-Temperature Strength of Ferritic Stainless Steels with Intermetallic Precipitates,Steel Research International,0,https://doi.org/10.1002/srin.201100102,https://api.labs.crossref.org/works/https://doi.org/10.1002/srin.201100102?mailto=christian.hauschke@tib.eu,2011,article,True,0,Nickel-Based Superalloys and High-Temperature Steels,Physical Sciences,Mechanical Engineering,Wiley-Blackwell,True,en,Engineering,
https://openalex.org/W2006009952,RETRACTED ARTICLE: The complete nucleotide sequences of serotype ‘O’ and ‘A’ Indian vaccine strains of foot-and-mouth disease virus,Archives of Virology,0,https://doi.org/10.1007/s00705-011-1073-1,https://api.labs.crossref.org/works/https://doi.org/10.1007/s00705-011-1073-1?mailto=christian.hauschke@tib.eu,2011,article,True,0,Dynamics of Livestock Disease Transmission and Control,Life Sciences,Agronomy and Crop Science,Springer Science+Business Media,True,en,Agricultural and Biological Sciences,
https://openalex.org/W2006576171,O1-01-05: Genome-wide assessment of copy number variations in early-onset Alzheimer's disease,Alzheimer's & Dementia,0,https://doi.org/10.1016/j.jalz.2011.05.228,https://api.labs.crossref.org/works/https://doi.org/10.1016/j.jalz.2011.05.228?mailto=christian.hauschke@tib.eu,2011,article,True,0,Genomic Rearrangements and Copy Number Variations,Life Sciences,Genetics,Wiley,False,en,"Biochemistry, Genetics and Molecular Biology",
https://openalex.org/W2009627616,RETRACTED: Prognostic Factors for Renal Dysfunction After Nephrectomy in Renal Cell Carcinomas,Journal of Surgical Research,0,https://doi.org/10.1016/j.jss.2010.10.035,https://api.labs.crossref.org/works/https://doi.org/10.1016/j.jss.2010.10.035?mailto=christian.hauschke@tib.eu,2011,article,True,0,Renal Cell Carcinoma,Health Sciences,Pulmonary and Respiratory Medicine,Elsevier BV,True,en,Medicine,
https://openalex.org/W2009909025,RETRACTED: The Adhesion Properties of Parylene-C Thin Films,Applied Mechanics and Materials,0,https://doi.org/10.4028/www.scientific.net/amm.421.337,https://api.labs.crossref.org/works/https://doi.org/10.4028/www.scientific.net/amm.421.337?mailto=christian.hauschke@tib.eu,2013,article,True,0,Neural Interface Technology,Life Sciences,Cellular and Molecular Neuroscience,Trans Tech Publications,True,en,Neuroscience,
https://openalex.org/W2011327161,RETRACTED ARTICLE: Stress Response of Entomopathogenic Fungus Isaria fumosorosea to Copper,Biological Trace Element Research,0,https://doi.org/10.1007/s12011-010-8945-1,https://api.labs.crossref.org/works/https://doi.org/10.1007/s12011-010-8945-1?mailto=christian.hauschke@tib.eu,2011,article,True,0,Entomopathogenic Fungi as Biocontrol Agents,Life Sciences,Insect Science,Springer Science+Business Media,True,en,Agricultural and Biological Sciences,
https://openalex.org/W2011382786,RETRACTED: Strength Assessment and Bonding Study of Aluminum Short Fiber-Reinforced Gypsum Composites,International Journal of Damage Mechanics,0,https://doi.org/10.1177/1056789510397075,https://api.labs.crossref.org/works/https://doi.org/10.1177/1056789510397075?mailto=christian.hauschke@tib.eu,2011,article,True,0,Fabrication and Applications of Porous Alumina Membranes,Physical Sciences,Materials Chemistry,SAGE Publishing,False,en,Materials Science,
https://openalex.org/W2011531489,"Symbiotic, Mobile Methodologies for Digital-to-Analog Converters",,0,https://doi.org/10.1109/ithings/cpscom.2011.46,https://api.labs.crossref.org/works/https://doi.org/10.1109/ithings/cpscom.2011.46?mailto=christian.hauschke@tib.eu,2011,article,True,0,Distributed Grid Computing Systems,Physical Sciences,Computer Networks and Communications,,False,en,Computer Science,
https://openalex.org/W2011944127,RETRACTED ARTICLE: Analysis of DNA methylation polymorphism in a set of stable chromosome translocation lines,Molecular Breeding,0,https://doi.org/10.1007/s11032-013-9860-x,https://api.labs.crossref.org/works/https://doi.org/10.1007/s11032-013-9860-x?mailto=christian.hauschke@tib.eu,2013,article,True,0,Genetic Architecture of Quantitative Traits,Life Sciences,Genetics,Springer Science+Business Media,False,en,"Biochemistry, Genetics and Molecular Biology",
https://openalex.org/W2012377045,A Simulation of E-Commerce with Gnat,Applied Mechanics and Materials,0,https://doi.org/10.4028/www.scientific.net/amm.278-280.1994,https://api.labs.crossref.org/works/https://doi.org/10.4028/www.scientific.net/amm.278-280.1994?mailto=christian.hauschke@tib.eu,2013,article,True,0,Content-Centric Networking for Information Delivery,Physical Sciences,Computer Networks and Communications,Trans Tech Publications,True,en,Computer Science,
https://openalex.org/W2012676559,Retraction: The association between the microtubule plus end protein EB1 and cortactin controls podosomes and bone resorption,Journal of Bone and Mineral Research,0,https://doi.org/10.1002/jbmr.1872,https://api.labs.crossref.org/works/https://doi.org/10.1002/jbmr.1872?mailto=christian.hauschke@tib.eu,2013,article,True,0,Molecular Mechanisms of Osteoclast Differentiation and Bone Remodeling,Life Sciences,Molecular Biology,Oxford University Press,False,en,"Biochemistry, Genetics and Molecular Biology",
https://openalex.org/W2012901308,Methods of Improving Superconductive Fault Current Limiting Devices in Power Engineering,Elektronika Ir Elektrotechnika,0,https://doi.org/10.5755/j01.eee.19.3.1441,https://api.labs.crossref.org/works/https://doi.org/10.5755/j01.eee.19.3.1441?mailto=christian.hauschke@tib.eu,2013,article,True,0,Modular Multilevel Converters in HVDC Systems,Physical Sciences,Electrical and Electronic Engineering,Kaunas University of Technology,True,en,Engineering,
https://openalex.org/W2014158520,RETRACTED: Double Chevron Subtrochanteric Shortening Derotational Osteotomy in Cementless Total Hip Arthroplasty for Crowe Type IV Congenital Dislocation of the Hip,The Journal of Arthroplasty,0,https://doi.org/10.1016/j.arth.2009.08.006,https://api.labs.crossref.org/works/https://doi.org/10.1016/j.arth.2009.08.006?mailto=christian.hauschke@tib.eu,2011,article,True,0,Hip Arthroplasty Techniques and Materials,Health Sciences,Surgery,Elsevier BV,False,en,Medicine,
https://openalex.org/W2014279545,Notice of Retraction: Research on European marketing strategies of Huawei and it's enlightenment on Chinese enterprise,,0,https://doi.org/10.1109/aimsec.2011.6011335,https://api.labs.crossref.org/works/https://doi.org/10.1109/aimsec.2011.6011335?mailto=christian.hauschke@tib.eu,2011,article,True,0,Impact of Globalization on Economic Development and Policy,Social Sciences,Economics and Econometrics,,False,en,"Economics, Econometrics and Finance",
https://openalex.org/W2014610570,WITHDRAWN: Nutritional evaluation of wheat straw treated with white-rot fungus Crinipellis sp. RCK-SC in Sahiwal calves,Livestock Science,0,https://doi.org/10.1016/j.livsci.2013.11.021,https://api.labs.crossref.org/works/https://doi.org/10.1016/j.livsci.2013.11.021?mailto=christian.hauschke@tib.eu,2013,article,True,0,Nutritional Strategies for Ruminant Health and Production,Life Sciences,Agronomy and Crop Science,Elsevier BV,False,en,Agricultural and Biological Sciences,
https://openalex.org/W2014727315,Stress perturbation around a fault by hydraulic fracturing,International Journal of Geomechanics,0,https://doi.org/10.1061/(asce)gm.1943-5622.0000358,https://api.labs.crossref.org/works/https://doi.org/10.1061/(asce)gm.1943-5622.0000358?mailto=christian.hauschke@tib.eu,2013,article,True,0,Seismic Design and Analysis of Underground Structures,Physical Sciences,Civil and Structural Engineering,American Society of Civil Engineers,True,en,Engineering,
https://openalex.org/W2015401940,RETRACTED: Immunodiagnostic analysis of transgenic vegetative insecticidal protein in genetically modified crops/produce,Food Chemistry,0,https://doi.org/10.1016/j.foodchem.2010.11.077,https://api.labs.crossref.org/works/https://doi.org/10.1016/j.foodchem.2010.11.077?mailto=christian.hauschke@tib.eu,2011,article,True,0,Molecular Mechanisms of Insect Resistance to Xenobiotics,Life Sciences,Molecular Biology,Elsevier BV,True,en,"Biochemistry, Genetics and Molecular Biology",
https://openalex.org/W2015976553,RETRACTED ARTICLE: Legal status of biochar in Europe,Clean Technologies and Environmental Policy,0,https://doi.org/10.1007/s10098-013-0704-5,https://api.labs.crossref.org/works/https://doi.org/10.1007/s10098-013-0704-5?mailto=christian.hauschke@tib.eu,2013,article,True,0,Solid Waste Management,Physical Sciences,Industrial and Manufacturing Engineering,Springer Science+Business Media,True,en,Environmental Science,
https://openalex.org/W2016372089,WITHDRAWN: More powerful non-linear panel unit root test and its application,Economic Modelling,0,https://doi.org/10.1016/j.econmod.2010.06.007,https://api.labs.crossref.org/works/https://doi.org/10.1016/j.econmod.2010.06.007?mailto=christian.hauschke@tib.eu,2011,article,True,0,Spatial Econometrics and Spatial Data Analysis,Social Sciences,Economics and Econometrics,Elsevier BV,False,en,"Economics, Econometrics and Finance",
https://openalex.org/W2016619310,Notice of Retraction: The changes in external environment of domestic service outsourcing industry: A comparative analysis before and after the financial crisis: Based on the surveys of Jiangsu service outsourcing enterprises,,0,https://doi.org/10.1109/icebeg.2011.5882043,https://api.labs.crossref.org/works/https://doi.org/10.1109/icebeg.2011.5882043?mailto=christian.hauschke@tib.eu,2011,article,True,0,Information Systems Outsourcing and Offshoring,Social Sciences,Management Information Systems,,False,en,"Business, Management and Accounting",
https://openalex.org/W2017149286,RETRACTED ARTICLE: Gender Testing in Sport: The Right of Genetic Diversity and the Right to Not Be Harmed,Journal of Genetic Counseling,0,https://doi.org/10.1007/s10897-011-9369-6,https://api.labs.crossref.org/works/https://doi.org/10.1007/s10897-011-9369-6?mailto=christian.hauschke@tib.eu,2011,article,True,0,Ethical and Societal Implications of Doping in Sport,Social Sciences,Sociology and Political Science,Wiley,True,en,Social Sciences,
https://openalex.org/W2017635495,RETRACTED ARTICLE: Chewing ability in an adult Chinese population,Clinical Oral Investigations,0,https://doi.org/10.1007/s00784-011-0640-x,https://api.labs.crossref.org/works/https://doi.org/10.1007/s00784-011-0640-x?mailto=christian.hauschke@tib.eu,2011,article,True,0,Dysphagia and Swallowing Disorders,Health Sciences,Speech and Hearing,Springer Nature,True,en,Health Professions,
https://openalex.org/W2017821971,Retracted: Fundamental Observation to Clarify the Mechanism of Urban Heat Environment and the Heavy Rainfall in Urban Areas,Journal of Hydrologic Engineering,0,https://doi.org/10.1061/(asce)he.1943-5584.0000192,https://api.labs.crossref.org/works/https://doi.org/10.1061/(asce)he.1943-5584.0000192?mailto=christian.hauschke@tib.eu,2011,article,True,0,Numerical Weather Prediction Models,Physical Sciences,Atmospheric Science,American Society of Civil Engineers,False,en,Earth and Planetary Sciences,
https://openalex.org/W2018007015,"Magnesia-zircon brick: Evolution of microstructure, properties and performance with increasing sintering temperature",Science of Sintering,0,https://doi.org/10.2298/sos1302181g,https://api.labs.crossref.org/works/https://doi.org/10.2298/sos1302181g?mailto=christian.hauschke@tib.eu,2013,article,True,0,Utilization of Waste Materials in Construction and Ceramics,Physical Sciences,Building and Construction,"International Institute for the Science of Sintering, Beograd",True,en,Engineering,
https://openalex.org/W2018988520,Notice of Retraction: Investment in human capital and business performance based on training perspective—A mixture section data analysis of Chinese enterprise level,,0,https://doi.org/10.1109/aimsec.2011.6009847,https://api.labs.crossref.org/works/https://doi.org/10.1109/aimsec.2011.6009847?mailto=christian.hauschke@tib.eu,2011,article,True,0,Intellectual Capital and Business Performance,Social Sciences,Strategy and Management,,False,en,"Business, Management and Accounting",
https://openalex.org/W2019802062,RETRACTED: A Two-Dimensional Model for Studying Tumor Angiogenesis Inhibitors,Cancer Investigation,0,https://doi.org/10.3109/07357907.2013.789902,https://api.labs.crossref.org/works/https://doi.org/10.3109/07357907.2013.789902?mailto=christian.hauschke@tib.eu,2013,article,True,0,Mathematical Modeling of Cancer Growth and Treatment,Physical Sciences,Modeling and Simulation,Taylor & Francis,False,en,Mathematics,
https://openalex.org/W2019892850,"Probabilistic, Cacheable Epistemologies",Advanced Materials Research,0,https://doi.org/10.4028/www.scientific.net/amr.660.217,https://api.labs.crossref.org/works/https://doi.org/10.4028/www.scientific.net/amr.660.217?mailto=christian.hauschke@tib.eu,2013,article,True,0,Machine Learning for Internet Traffic Classification,Physical Sciences,Artificial Intelligence,Trans Tech Publications,False,en,Computer Science,
https://openalex.org/W2020374665,RETRACTED ARTICLE: Combined blood and pleural levels of mesothelin and osteopontin for the diagnosis of malignant pleural mesothelioma,Comparative Clinical Pathology,0,https://doi.org/10.1007/s00580-013-1720-x,https://api.labs.crossref.org/works/https://doi.org/10.1007/s00580-013-1720-x?mailto=christian.hauschke@tib.eu,2013,article,True,0,Malignant Pleural Mesothelioma Research,Health Sciences,Pulmonary and Respiratory Medicine,Springer Science+Business Media,True,en,Medicine,
https://openalex.org/W2021173841,Emulation of Vacuum Tubes,Advanced Materials Research,0,https://doi.org/10.4028/www.scientific.net/amr.403-408.2941,https://api.labs.crossref.org/works/https://doi.org/10.4028/www.scientific.net/amr.403-408.2941?mailto=christian.hauschke@tib.eu,2011,article,True,0,Real-Time Scheduling in Embedded Systems,Physical Sciences,Hardware and Architecture,Trans Tech Publications,True,en,Computer Science,
https://openalex.org/W2021343135,RETRACTED: Studies of Asymmetric Hysteresis Loops and Leakage Current Behaviors in Pt/Al&lt;sub&gt;2&lt;/sub&gt;O&lt;sub&gt;3&lt;/sub&gt;/SiO&lt;sub&gt;2&lt;/sub&gt;/Si /PZT/Au Structures Prepared by MOCVD Method,Applied Mechanics and Materials,0,https://doi.org/10.4028/www.scientific.net/amm.110-116.294,https://api.labs.crossref.org/works/https://doi.org/10.4028/www.scientific.net/amm.110-116.294?mailto=christian.hauschke@tib.eu,2011,article,True,0,Lead-free Piezoelectric Materials,Physical Sciences,Materials Chemistry,Trans Tech Publications,True,en,Materials Science,
https://openalex.org/W2021561103,Retraction: The Effect of C/EBPalpha or C/EBPepsilon on 32Dcl3 Murine Myeloblasts and #1111 Acute Promyelocytic Leukemic Cells,Annals of laboratory medicine,0,https://doi.org/10.3343/kjlm.2011.31.4.307,https://api.labs.crossref.org/works/https://doi.org/10.3343/kjlm.2011.31.4.307?mailto=christian.hauschke@tib.eu,2011,article,True,0,Role of Retinoic Acid in Biological Processes,Life Sciences,Molecular Biology,Seoul National University,True,en,"Biochemistry, Genetics and Molecular Biology",
https://openalex.org/W2021568380,Retraction: Development of Anionically Decorated 2‐(<i>ortho</i>‐Nitrophenyl)‐Propyl‐Caged Neurotransmitters for Photolysis in vitro and in vivo,ChemBioChem,0,https://doi.org/10.1002/cbic.201000254,https://api.labs.crossref.org/works/https://doi.org/10.1002/cbic.201000254?mailto=christian.hauschke@tib.eu,2011,article,True,0,Photochromic Materials and Molecular Switches,Physical Sciences,Materials Chemistry,Wiley,True,en,Materials Science,
https://openalex.org/W2021950097,Notice of Retraction: Strengthen instruction and administration in college students' scientific and technological innovation,,0,https://doi.org/10.1109/aimsec.2011.6011091,https://api.labs.crossref.org/works/https://doi.org/10.1109/aimsec.2011.6011091?mailto=christian.hauschke@tib.eu,2011,article,True,0,Engineering Education and Curriculum Development,Physical Sciences,Media Technology,,False,en,Engineering,
https://openalex.org/W2022099406,RETRACTED ARTICLE: Bovine viral diarrhea virus nonstructural protein 5A is phosphorylated by cdc2 cyclin-dependent kinase in vitro,Archives of Virology,0,https://doi.org/10.1007/s00705-011-1188-4,https://api.labs.crossref.org/works/https://doi.org/10.1007/s00705-011-1188-4?mailto=christian.hauschke@tib.eu,2011,article,True,0,Dynamics of Livestock Disease Transmission and Control,Life Sciences,Agronomy and Crop Science,Springer Science+Business Media,True,en,Agricultural and Biological Sciences,
https://openalex.org/W2022830834,RETRACTED ARTICLE: Vertebroplasty: an international point of view on this “minimally invasive” surgical technique,Osteoporosis International,0,https://doi.org/10.1007/s00198-011-1865-x,https://api.labs.crossref.org/works/https://doi.org/10.1007/s00198-011-1865-x?mailto=christian.hauschke@tib.eu,2011,article,True,0,Spine Surgery Techniques and Technologies,Health Sciences,Surgery,Springer Science+Business Media,True,en,Medicine,
https://openalex.org/W2024065300,[ARTIGO RETRATADO] Consumo máximo de oxigênio em atletas de futebol por meio de diferentes métodos,Revista Brasileira De Medicina Do Esporte,0,https://doi.org/10.1590/s1517-86922011000600002,https://api.labs.crossref.org/works/https://doi.org/10.1590/s1517-86922011000600002?mailto=christian.hauschke@tib.eu,2011,article,True,0,Sports Science and Performance Analysis,Health Sciences,Orthopedics and Sports Medicine,Sociedade Brasileira de Medicina do Esporte,True,pt,Medicine,
https://openalex.org/W2024685589,Retraction: Investigation of the α' → γ Transformation in a Martensitic Extra Low Carbon 12 wt.% Cr Steel by Dilatometeric Measurements,Steel Research International,0,https://doi.org/10.1002/srin.201000191,https://api.labs.crossref.org/works/https://doi.org/10.1002/srin.201000191?mailto=christian.hauschke@tib.eu,2011,article,True,0,High-Strength Steel Materials,Physical Sciences,Mechanical Engineering,Wiley-Blackwell,False,en,Engineering,
https://openalex.org/W2024783079,RETRACTED: Effect of the Extract of Fructus Tribuli on Growth of Lactobacillus Acidophilus,Procedia environmental sciences,0,https://doi.org/10.1016/j.proenv.2011.10.087,https://api.labs.crossref.org/works/https://doi.org/10.1016/j.proenv.2011.10.087?mailto=christian.hauschke@tib.eu,2011,article,True,0,Role of Fructans in Nutrition and Health,Health Sciences,Nutrition and Dietetics,Elsevier BV,True,en,Nursing,
https://openalex.org/W2024877806,Notice of Retraction: An empirical study on the moderating effect of entrepreneurial cognitive biases on the relationship between organizational learning and firm performance — Data from Minnan region in Fujian Province in China,,0,https://doi.org/10.1109/icebeg.2011.5876676,https://api.labs.crossref.org/works/https://doi.org/10.1109/icebeg.2011.5876676?mailto=christian.hauschke@tib.eu,2011,article,True,0,Entrepreneurship and Business Innovation,Social Sciences,Management of Technology and Innovation,,False,en,"Business, Management and Accounting",
https://openalex.org/W2025679923,WITHDRAWN: Efficacy and safety of Flutiform compared with individual fluticasone and formoterol reference products,Respiratory Medicine,0,https://doi.org/10.1016/j.rmed.2011.06.002,https://api.labs.crossref.org/works/https://doi.org/10.1016/j.rmed.2011.06.002?mailto=christian.hauschke@tib.eu,2011,article,True,0,Asthma,Health Sciences,Physiology,Elsevier BV,True,en,Medicine,
https://openalex.org/W2025940882,RETRACTED ARTICLE: Experimental and theoretical study of functionalized diterpenoids of salvinorin A type and molecular factors contributing to their selectivity to κ-opioid receptors,Medicinal Chemistry Research,0,https://doi.org/10.1007/s00044-013-0866-z,https://api.labs.crossref.org/works/https://doi.org/10.1007/s00044-013-0866-z?mailto=christian.hauschke@tib.eu,2013,article,True,0,Chiroptical Spectroscopy in Organic Compound Analysis,Physical Sciences,Spectroscopy,Springer Science+Business Media,True,en,Chemistry,
https://openalex.org/W2026557176,RETRACTED ARTICLE: Schrödinger equations with discontinuous coefficients,Calculus of Variations and Partial Differential Equations,0,https://doi.org/10.1007/s00526-011-0439-2,https://api.labs.crossref.org/works/https://doi.org/10.1007/s00526-011-0439-2?mailto=christian.hauschke@tib.eu,2011,article,True,0,Global Well-Posedness of Nonlinear Wave Equations,Physical Sciences,Mathematical Physics,Springer Science+Business Media,True,en,Mathematics,
https://openalex.org/W2027320713,RETRACTED ARTICLE: Survival of MM cells is dependent on Notch Signaling,Medical Oncology,0,https://doi.org/10.1007/s12032-011-9859-2,https://api.labs.crossref.org/works/https://doi.org/10.1007/s12032-011-9859-2?mailto=christian.hauschke@tib.eu,2011,article,True,0,Notch Signaling Pathway in Development and Disease,Life Sciences,Molecular Biology,Springer Science+Business Media,True,en,"Biochemistry, Genetics and Molecular Biology",Retraction
